Species,Kingdom,Phylum,Subphylum,Class,Order,Family,Genus,Species (Used by KFM),Status,Currently Accepted Name,Authority (Accepted),Geographic Range,Identification,Role,ScientificName,CommonName,Color,AlternateTaxonName,SpeciesName,Life_Stage,Sex
1001,Plantae,Chlorophyta,NA,NA,NA,NA,NA,NA,Accepted,Chlorophyta,"Pascher, 1914",,,,Chlorophyta,green algae,green,Chlorophyta,Green Algae,,
2001,Chromista,Ochrophyta ,Phaeista,Phaeophyta,NA,NA,NA,NA,Unaccepted,Phaeophyceae,"Kjellman, 1891",,,,Phaeophyta,brown algae (miscellaneous),brown,Phaeophyta,Other Brown Algae,,
2002,Chromista,Ochrophyta,Phaeista,Phaeophyceae,Laminariales,Laminariaceae,Macrocystis,Macrocystis pyrifera,Accepted,Macrocystis pyrifera,"(Linnaeus) C. Agardh, 1820",,,,Macrocystis pyrifera,"giant kelp, adult (>1m)",forestgreen,"Macrocystis pyrifera, adult",Macrocystis pyrifera adult (>1m tall),Adult,
2002.25,Chromista,Ochrophyta,Phaeista,Phaeophyceae,Laminariales,Laminariaceae,Macrocystis,Macrocystis pyrifera,Accepted,Macrocystis pyrifera,"(Linnaeus) C. Agardh, 1821",,,,Macrocystis pyrifera,"giant kelp, adult (>1m and haptera above the primary dichotomy)",forestgreen,"Macrocystis pyrifera, adult",Macrocystis adult (haptera above the primary dicotomy),Adult,
2002.5,Chromista,Ochrophyta,Phaeista,Phaeophyceae,Laminariales,Laminariaceae,Macrocystis,Macrocystis pyrifera,Accepted,Macrocystis pyrifera,"(Linnaeus) C. Agardh, 1822",,,,Macrocystis pyrifera,"giant kelp, juvenile (<1m)",tan3,"Macrocystis pyrifera, juvenile",Macrocystis pyrifera juvenile (<1m tall),Juvenile,
2002.75,Chromista,Ochrophyta,Phaeista,Phaeophyceae,Laminariales,Laminariaceae,Macrocystis,Macrocystis pyrifera,Accepted,Macrocystis pyrifera,"(Linnaeus) C. Agardh, 1823",,,,Macrocystis pyrifera,"giant kelp, subadult (>1m and no haptera above the primary dichotomy)",green4,"Macrocystis pyrifera, subadult",Macrocystis subadult (over 1m tall),Subadult,
2002.99,Chromista,Ochrophyta,Phaeista,Phaeophyceae,Laminariales,Laminariaceae,Macrocystis,Macrocystis pyrifera,Accepted,Macrocystis pyrifera,"(Linnaeus) C. Agardh, 1824",,,,Macrocystis pyrifera,giant kelp stipes > 1m,forestgreen,Macrocystis pyrifera stipes >1m,Macrocystis pyrifera STIPES (>1m tall),,
2003,Chromista,Ochrophyta,Phaeista,Phaeophyceae,Desmarestiales,Desmarestiaceae,Desmarestia,Desmarestia spp.,Accepted,Desmarestia spp.,"J.V. Lamouroux, 1813",,,,Desmarestia,acid weed,lawngreen,Desmarestia spp.,Desmarestia spp.,,
2004,Chromista,Ochrophyta,Phaeista,Phaeophyceae,Laminariales,Lessoniaceae ,Eisenia,Eisenia arborea,Accepted,Eisenia arborea,"J.E. Areschoug, 1876",,,,Eisenia arborea,"Southern sea palm, adult",seagreen4,"Eisenia arborea, adult",Eisenia arborea adult,Adult,
2004.5,Chromista,Ochrophyta,Phaeista,Phaeophyceae,Laminariales,Lessoniaceae ,Eisenia,Eisenia arborea,Accepted,Eisenia arborea,"J.E. Areschoug, 1877",,,,Eisenia arborea,"Southern sea palm, juvenile",darkslategrey,"Eisenia arborea, juvenile",Eisenia arborea juvenile,Juvenile,
2005,Chromista,Ochrophyta,Phaeista,Phaeophyceae,Laminariales,Alariaceae ,Pterygophora ,Pterygophora californica,Accepted,Pterygophora californica,"Ruprecht, 1852",,,,Pterygophora californica,"California sea palm, adult",darkseagreen4,"Pterygophora californica, adult",Pterygophora adult,Adult,
2005.5,Chromista,Ochrophyta,Phaeista,Phaeophyceae,Laminariales,Alariaceae ,Pterygophora ,Pterygophora californica,Accepted,Pterygophora californica,"Ruprecht, 1852",,,,Pterygophora californica,"California sea palm, juvenile",brown4,"Pterygophora californica, juvenile",Pterygophora juvenile,Juvenile,
2006,Chromista,Ochrophyta,Phaeista,Phaeophyceae,Laminariales,Laminariaceae,Laminaria ,Laminaria farlowii,Accepted,Laminaria farlowii,"Setchell, 1893",,,,Laminaria farlowii,"oar weed, adult (>10cm wide)",bisque2,"Laminaria farlowii, adult",Laminaria farlowii adult,Adult,
2006.5,Chromista,Ochrophyta,Phaeista,Phaeophyceae,Laminariales,Laminariaceae,Laminaria ,Laminaria farlowii,Accepted,Laminaria farlowii,"Setchell, 1893",,,,Laminaria farlowii,"oar weed, juvenile (<10cm wide)",cornsilk4,"Laminaria farlowii, juvenile",Laminaria farlowii juvenile,Juvenile,
2007,Chromista,Ochrophyta,Phaeista,Phaeophyceae,Fucales,Sargassaceae,Cystoseira ,NA,Unaccepted,Stephanocystis ,"Trevisan, 1843",Oregon to Baja,,,Cystoseira,bladder chain kelp,indianred,Cystoseira spp.,Cystoseira spp.,,
2008,Chromista,Ochrophyta,Phaeista,Phaeophyceae,Laminariales,NA,NA,NA,Accepted,Laminariales,"Migula, 1909",,,,"Macrocystis, Pterygophora, and Eisenia combined","giant kelp, California sea palm, Southern sea palm",,Macrocystis/Pterygophora/Eisenia,Macrocystis/Pterygophora/Eisenia,,
2009,Chromista,Ochrophyta,Phaeista,Phaeophyceae,Laminariales,Alariaceae ,Undaria ,Undaria pinnatifida,Accepted,Undaria pinnatifida,"(Harvey) Suringar, 1873",,,,Undaria pinnatifida,"wakame, adult",aquamarine4,"Undaria pinnatifida, adult",Undaria pinnatifida adult,Adult,
2009.5,Chromista,Ochrophyta,Phaeista,Phaeophyceae,Laminariales,Alariaceae ,Undaria ,Undaria pinnatifida,Accepted,Undaria pinnatifida,"(Harvey) Suringar, 1873",,,,Undaria pinnatifida,"wakame, juvenile",chartreuse4,"Undaria pinnatifida, juvenile",Undaria pinnatifida juvenile,Juvenile,
2010,Chromista,Ochrophyta,Phaeista,Phaeophyceae,Laminariales,Laminariaceae,Macrocystis,Macrocystis pyrifera,Accepted,Macrocystis pyrifera,"(Linnaeus) C. Agardh, 1824",,,,Macrocystis pyrifera,"giant kelp, all",forestgreen,"Macrocystis pyrifera, all",Macrocystis pyrifera,All,
2011,Chromista,Ochrophyta,Phaeista,Phaeophyceae,Fucales,Sargassaceae,Sargassum,Sargassum muticum,Accepted,Sargassum muticum,"(Yendo) Fensholt, 1955",,,,Sargassum muticum,Japanese seaweed,indianred1,Sargassum muticum,Sargassum muticum,,
2012,Chromista,Ochrophyta,Phaeista,Phaeophyceae,Laminariales,Lessoniaceae ,Eisenia,Eisenia arborea,Accepted,Eisenia arborea,"J.E. Areschoug, 1877",,,,Eisenia arborea,"Southern sea palm, all",darkslategrey,"Eisenia arborea, all",Eisenia arborea,All,
2013,Chromista,Ochrophyta,Phaeista,Phaeophyceae,Laminariales,Alariaceae ,Pterygophora ,Pterygophora californica,Accepted,Pterygophora californica,"Ruprecht, 1852",,,,Pterygophora californica,"California sea palm, all",darkseagreen4,"Pterygophora californica, all",Pterygophora,All,
2014,Chromista,Ochrophyta,Phaeista,Phaeophyceae,Laminariales,Laminariaceae,Laminaria ,Laminaria farlowii,Accepted,Laminaria farlowii,"Setchell, 1893",,,,Laminaria farlowii,"oar weed, all",bisque2,"Laminaria farlowii, all",Laminaria farlowii,All,
2015,Chromista,Ochrophyta,Phaeista,Phaeophyceae,Laminariales,Costariaceae ,Dictyoneuropsis/Agarum,Dictyoneuropsis reticulata/Agarum fimbriatum,Unaccepted,Dictyoneurum reticulatum/Neoagarum fimbriatum,"(De A.Saunders) P.C.Silva, 2008/ (Harvey) H.Kawai & T.Hanyuda, 2017",,,,Dictyoneuropsis reticulata/Agarum fimbriatum,"Dictyoneuropsis reticulata/Agarum fimbriatum, adult (>10cm wide)",mediumorchid3,"Dictyoneuropsis reticulata/Agarum fimbriatum, adult",Dictyoneuropsis reticulata/Agarum fimbriatum adult,Adult,
2015.5,Chromista,Ochrophyta,Phaeista,Phaeophyceae,Laminariales,Costariaceae ,Dictyoneuropsis/Agarum,Dictyoneuropsis reticulata/Agarum fimbriatum,Unaccepted,Dictyoneurum reticulatum/Neoagarum fimbriatum,"(De A.Saunders) P.C.Silva, 2008/ (Harvey) H.Kawai & T.Hanyuda, 2018",,,,Dictyoneuropsis reticulata/Agarum fimbriatum,"Dictyoneuropsis reticulata/Agarum fimbriatum, juvenile (<10cm wide)",mediumorchid4,"Dictyoneuropsis reticulata/Agarum fimbriatum, juvenile",Dictyoneuropsis reticulata/Agarum fimbriatum juvenile,Juvenile,
2016,Chromista,Ochrophyta,Phaeista,Phaeophyceae,Fucales,Sargassaceae,Sargassum,Sargassum horneri,Accepted,Sargassum horneri,"(Turner) C.Agardh, 1820",,,,Sargassum horneri,"Sargassum horneri, adult (>50cm or recepticles present)",chocolate1,"Sargassum horneri, adult",Sargassum horneri adult (>0.5m tall),Adult,
2016.5,Chromista,Ochrophyta,Phaeista,Phaeophyceae,Fucales,Sargassaceae,Sargassum,Sargassum horneri,Accepted,Sargassum horneri,"(Turner) C.Agardh, 1820",,,,Sargassum horneri,"Sargassum horneri, juvenile (<50cm and no recepticles)",burlywood4,"Sargassum horneri, juvenile",Sargassum horneri juvenile (<0.5m tall),Juvenile,
2017,Chromista,Ochrophyta,Phaeista,Phaeophyceae,Fucales,Sargassaceae,Sargassum,Sargassum horneri,Accepted,Sargassum horneri,"(Turner) C.Agardh, 1821",,,,Sargassum horneri,"Sargassum horneri, all",chocolate1,"Sargassum horneri, all",Sargassum horneri,All,
3001,Plantae,Rhodophyta,NA,NA,NA,NA,NA,NA,Accepted,Rhodophyta,"Wettstein, 1901",,,,Rhodophyta,red algae (miscellaneous),indianred3,Rhodophyta,Other Reds,,
3002,Plantae,Rhodophyta,Eurhodophytina,Florideophyceae,Corallinales,NA,NA,NA,Accepted,Corallinales,"P.C. Silva & H.W. Johansen, 1986",,,,Corallinales,articulated coralline algae,mediumpurple,Corallinales,Articulated Coralline,,
3003,Plantae,Rhodophyta,Eurhodophytina,Florideophyceae,Corallinales,NA,NA,NA,Accepted,Corallinales,"P.C. Silva & H.W. Johansen, 1986",,,,Corallinales,encrusting coralline algae,mediumpurple4,Corallinales,Encrusting Coralline,,
3004,Plantae,Rhodophyta,Eurhodophytina,Florideophyceae,Gelidiales ,Gelidiaceae,Gelidium,Gelidium spp.,Accepted,Gelidium spp.,"J.V. Lamouroux, 1813",,,,Gelidium,agar weed,maroon,Gelidium spp.,Gelidium spp.,,
3005,Plantae,Rhodophyta,Eurhodophytina,Florideophyceae,Gigartinales,Gigartinaceae ,Gigartina,Gigartina spp.,Unaccepted,Chondracanthus spp.,"Kützing, 1843",,,,Gigartina,sea tongue,magenta,Gigartina spp.,Gigartina spp.,,
4001,Plantae,NA,NA,NA,NA,NA,NA,NA,Accepted,Plantae,"Haeckel, 1866",,,,Plantae,miscellaneous plants (ie: diatoms),,Plantae,Misc. Plant (i.e. diatom film),,
5001,Animalia,Porifera,NA,NA,NA,NA,NA,NA,Accepted,Porifera,"Grant, 1836",,,,Porifera,sponges,,Porifera,Sponges,,
5002,Animalia,Porifera,NA,Demospongiae,Tethyida ,Tethyidae,Tethya ,Tethya aurantia,Unaccepted,Tethya californiana,"de Laubenfels, 1932",,,,Tethya aurantia,orange puffball sponge,,Tethya aurantia,Tethya aurantia,,
5003,Animalia,Porifera,NA,Calcarea ,Clathrinida,Leucettidae ,Leucetta,Leucetta losangelensis,Unaccepted,Leucandra losangelensis,"de Laubenfels, 1930",,,,Leucetta losangelensis,macaroni sponge,,Leucetta losangelensis,Leucetta losangelensis,,
5004,Animalia,Porifera,NA,Demospongiae,Polymastiida,Polymastiidae,Polymastia ,Polymastia pachymastia,Accepted,Polymastia pachymastia,"de Laubenfels, 1932",,,,Polymastia pachymastia,aggregated nipple sponge,,Polymastia pachymastia,Polymastia pachymastia,,
6001,Animalia,Cnidaria ,NA,Hydrozoa ,Anthoathecata ,Stylasteridae ,Stylaster,Stylaster californicus,Accepted,Stylaster californicus,"Verrill, 1866",,,,Stylaster californicus,California hydrocoral,,Stylaster californicus,Stylaster californicus,,
6002,Animalia,Cnidaria ,NA,Anthozoa ,Actiniaria,Actiniidae ,Urticina,Urticina lofotensis,Unaccepted,Urticina eques,"Gosse, 1858",,,,Urticina lofotensis,white-spotted rose anemone,,Urticina lofotensis,Urticina lofotensis,,
6003,Animalia,Cnidaria ,NA,Anthozoa,Corallimorpharia ,Corallimorphidae ,Corynactis,Corynactis californica,Accepted,Corynactis californica,"Carlgren, 1936",,,,Corynactis californica,club-tipped anemone,,Corynactis californicus,Corynactis californica,,
6004,Animalia,Cnidaria ,NA,Anthozoa,Scleractinia ,Dendrophylliidae ,Balanophyllia ,Balanophyllia elegans,Unaccepted,Balanophyllia (Balanophyllia) elegans,"Verrill, 1864",,,,Balanophyllia elegans,orange cup coral,,Balanophyllia elegans,Balanophyllia elegans,,
6005,Animalia,Cnidaria ,NA,Anthozoa,Scleractinia ,Rhizangiidae ,Astrangia ,Astrangia lajollaensis,Unaccepted,Astrangia haimei,"Verrill, 1866",,,,Astrangia lajollaensis,La Jolla cup coral,,Astrangia lajollaensis,Astrangia lajollaensis,,
6006,Animalia,Cnidaria ,NA,Anthozoa,Alcyonacea ,Gorgoniidae,Lophogorgia,Lophogorgia chilensis,Unaccepted,Leptogorgia chilensis,"Verrill, 1868",,,,Lophogorgia chilensis,red gorgonian,,Lophogorgia chilensis,Lophogorgia chilensis,,
6007,Animalia,Cnidaria ,NA,Anthozoa,Alcyonacea,Plexauridae ,Muricea,Muricea fruticosa,Accepted,Muricea fruticosa,"Verrill, 1869",,,,Muricea fruticosa,brown gorgonian,,Muricea fruticosa,Muricea fruticosa,,
6008,Animalia,Cnidaria ,NA,Anthozoa,Alcyonacea,Plexauridae ,Muricea,Muricea californica,Accepted,Muricea californica,"Aurivillius, 1931",,,,Muricea californica,California golden gorgonian,,Muricea californica,Muricea californica,,
6009,Animalia,Cnidaria ,NA,Hydrozoa,NA,NA,NA,Hydrozoa,Accepted,Hydrozoa,"Owen, 1843",,,,Hydrozoa,hydroids,,Hydrozoa,Hydrozoa,,
7001,Animalia,Annelida,NA,Polychaeta ,Eunicida,Onuphidae,Diopatra,Diopatra ornata,Accepted,Diopatra ornata,"Moore, 1911",,,,Diopatra ornata,ornate tube worm,,Diopatra ornata,Diopatra ornata,,
7002,Animalia,Annelida,NA,Polychaeta ,Canalipalpata,Sabellariidae,Phragmatopoma,Phragmatopoma californica,Accepted,Phragmatopoma californica,"Fewkes, 1889",,,,Phragmatopoma californica,colonial sand-tube worm,,Phragmatopoma californica,Phragmatopoma,,
7003,Animalia,Annelida,NA,Polychaeta ,Sabellida,Serpulidae ,Spirobranchus,Spirobranchus spinosus,Accepted,Spirobranchus spinosus,"Moore, 1923",,,,Spirobranchus spinosus,christmas tree worm,,Spirobranchus spinosus,Spirobranchus spinosus,,
8001,Animalia,Arthropoda,Crustacea ,Malacostraca,Decapoda ,Palinuridae,Panulirus,Panulirus interruptus,Accepted,Panulirus interruptus,"Randall, 1840",,,,Panulirus interruptus,California spiny lobster,,Panulirus interruptus,Panulirus interruptus,,
8002,Animalia,Arthropoda,Crustacea ,Hexanauplia,Sessilia ,Balanidae,Balanus,Balanus spp,Accepted,Balanus spp,"Costa, 1778",,,,Balanus,barnacles,,Balanus,Balanus,,
9001,Animalia,Mollusca,NA,Gastropoda ,Littorinimorpha,Vermetidae,Serpulorbis,Serpulorbis squamigerus,Unaccepted,Thylacodes squamigerus ,"Carpenter, 1857",,,,Serpulorbis squamigerus,scaled wormsnail,,Serpulorbis squamiger,Serpulorbis,,
9002,Animalia,Mollusca,NA,Gastropoda,Lepetellida ,Haliotidae ,Haliotis,Haliotis rufescens,Accepted,Haliotis rufescens,"Swainson, 1822",,,,Haliotis rufescens,red abalone,,Haliotis rufescens,Haliotis rufescens,,
9002.99,Animalia,Mollusca,NA,Gastropoda,Lepetellida ,Haliotidae ,Haliotis,Haliotis rufescens,Accepted,Haliotis rufescens,"Swainson, 1823",,,,Haliotis rufescens,"red abalone,  aquacultured",,"Haliotis rufescens, aquacultured","Haliotis rufescens, aquacultured",,
9003,Animalia,Mollusca,NA,Gastropoda,Lepetellida ,Haliotidae ,Haliotis,Haliotis corrugata,Accepted,Haliotis corrugata,"W. Wood, 1828",,,,Haliotis corrugata,pink abalone,,Haliotis corrugata,Haliotis corrugata,,
9004,Animalia,Mollusca,NA,Gastropoda,Lepetellida ,Haliotidae ,Haliotis,Haliotis fulgens,Accepted,Haliotis fulgens,"Philippi, 1845",,,,Haliotis fulgens,green abalone,,Haliotis fulgens,Haliotis fulgens,,
9005,Animalia,Mollusca,NA,Gastropoda,Littorinimorpha,Cypraeidae ,Cypraea,Cypraea spadicea,Unaccepted,Neobernaya spadicea,"Swainson, 1823",,,,Cypraea spadicea,chestnut cowrie,darkgoldenrod1,Cypraea spadicea,Cypraea spadicea,,
9006,Animalia,Mollusca,NA,Gastropoda,Neogastropoda ,Buccinidae ,Kelletia ,Kelletia kelletii,Accepted,Kelletia kelletii,"Forbes, 1852",,,,Kelletia kelletii,Kellet's whelk,,Kelletia kelletii,Kelletia kelletii,,
9007,Animalia,Mollusca,NA,Gastropoda,Trochida,Turbininae,Megastraea ,Megastraea undosa,Accepted,Megastraea undosa,"W. Wood, 1828",,,,Megastraea undosa,wavy turban snail,lightsalmon4,Megastraea undosa,Megastraea undosa,,
9008,Animalia,Mollusca,NA,Gastropoda,Trochida,Turbinidae ,Lithopoma,Lithopoma gibberosa,Unaccepted,Pomaulax gibberosus ,"Dillwyn, 1817",,,,Lithopoma gibberosa,red turban snail,lightcoral,Lithopoma gibberosa,Lithopoma gibberosa,,
9009,Animalia,Mollusca,NA,Gastropoda,Lepetellida,Fissurellidae ,Megathura ,Megathura crenulata,Accepted,Megathura crenulata,"Sowerby I, 1825",,,,Megathura crenulata,giant keyhole limpet,,Megathura crenulata,Megathura crenulata,,
9010,Animalia,Mollusca,NA,Bivalvia,Pectinida,Pectinidae,Crassedoma,Crassedoma giganteum,Unaccepted,Crassadoma gigantea,"J.E. Gray, 1825",,,,Crassedoma giganteum,rock scallop,,Crassedoma giganteum,Crassedoma giganteum,,
9011,Animalia,Mollusca,NA,Gastropoda,Aplysiida ,Aplysiidae,Aplysia ,Aplysia californica,Accepted,Aplysia californica,"J.G. Cooper, 1863",,,,Aplysia californica,California brown sea hare,,Aplysia californica,Aplysia californica,,
9012,Animalia,Mollusca,NA,Gastropoda,Lepetellida ,Haliotidae,Haliotis,Haliotis assimilis,Unaccepted,Haliotis kamtschatkana,"Jonas, 1846",,,,Haliotis assimilis,threaded abalone,,Haliotis assimilis,Haliotis assimilis,,
9013,Animalia,Mollusca,NA,Gastropoda,Lepetellida ,Haliotidae,Haliotis,Haliotis sorenseni,Accepted,Haliotis sorenseni,"Bartsch, 1940",,,,Haliotis sorenseni,white abalone,,Haliotis sorenseni,Haliotis sorenseni,,
9014,Animalia,Mollusca,NA,Gastropoda,Trochida,Tegulidae,Tegula ,Tegula regina,Accepted,Tegula regina,"Stearns, 1892",,,,Tegula regina,queen tegula,gold3,Tegula regina,Tegula regina,,
9015,Animalia,Mollusca,NA,Polyplacophora ,Chitonida ,Acanthochitonidae ,Cryptochiton,Cryptochiton stelleri,Accepted,Cryptochiton stelleri,"Middendorff, 1847",,,,Cryptochiton stelleri,gumboot chiton,,Cryptochiton stelleri,Cryptochiton stelleri,,
9016,Animalia,Mollusca,NA,Gastropoda,Lepetellida ,Haliotidae,Haliotis,Haliotis cracherodii,Accepted,Haliotis cracherodii,"Leach, 1814",,,,Haliotis cracherodii,black abalone,,Haliotis cracherodii,Haliotis cracherodii,,
9017,Animalia,Mollusca,NA,Gastropoda,Lepetellida ,Haliotidae,Haliotis,Haliotis walallensis,Accepted,Haliotis walallensis,"Stearns, 1899",,,,Haliotis walallenis,flat abalone,,Haliotis walallenis,Haliotis walallenis,,
10001,Animalia,Bryozoa,NA,NA,NA,NA,NA,Bryozoa,Accepted,Bryozoa,NA,,,,Bryozoa,bryozoans (miscellaneous),,Bryozoa,"Bryozoans, other",,
10002,Animalia,Bryozoa,NA,Stenolaemata,Cyclostomatida ,Diaperoeciidae,Diaperoecia ,Diaperoecia californica,Unaccepted,Diaperoforma californica ,"d'Orbigny, 1853",,,,Diaperoecia californica,Southern staghorn bryozoan,,Diaperoecia californica,Diaperoecia californica,,
11001,Animalia,Echinodermata,Asterozoa,Asteroidea,Valvatida,Asterinidae,Patiria ,Patiria miniata,Accepted,Patiria miniata,"Brandt, 1836",,,,Patiria miniata,bat star,sienna1,Patiria miniata,Patiria miniata,,
11002,Animalia,Echinodermata,Asterozoa,Asteroidea,Forcipulatida,Asteriidae,Pisaster ,Pisaster giganteus,Accepted,Pisaster giganteus,"Stimpson, 1857",,,,Pisaster giganteus,giant-spined sea star,steelblue2,Pisaster giganteus,Pisaster giganteus,,
11003,Animalia,Echinodermata,Asterozoa,Asteroidea,Forcipulatida,Asteriidae,Pycnopodia ,Pycnopodia helianthoides,Accepted,Pycnopodia helianthoides,"Brandt, 1835",,,,Pycnopodia helianthoides,sunflower star,,Pycnopodia helianthoides,Pycnopodia helianthoides,,
11004,Animalia,Echinodermata,Echinozoa ,Echinoidea,Camarodonta ,Toxopneustidae ,Lytechinus ,Lytechinus anamesus,Unaccepted,Lytechinus pictus,"Verrill, 1867",,,,Lytechinus anamesus,white sea urchin,,Lytechinus anamesus,Lytechinus anamesus,,
11005,Animalia,Echinodermata,Echinozoa ,Echinoidea,Camarodonta ,Strongylocentrotidae,Strongylocentrotus ,Strongylocentrotus franciscanus,Unaccepted,Mesocentrotus franciscanus,"A. Agassiz, 1863",,,,Strongylocentrotus franciscanus,red sea urchin,red3,Strongylocentrotus franciscanus,Strongylocentrotus franciscanus,,
11006,Animalia,Echinodermata,Echinozoa ,Echinoidea,Camarodonta ,Strongylocentrotidae,Strongylocentrotus ,Strongylocentrotus purpuratus,Accepted,Strongylocentrotus purpuratus,"Stimpson, 1857",,,,Strongylocentrotus purpuratus,purple sea urchin,purple3,Strongylocentrotus purpuratus,Strongylocentrotus purpuratus,,
11007,Animalia,Echinodermata,Echinozoa ,Holothuroidea,Synallactida,Stichopodidae,Parastichopus,Parastichopus parvimensis,Unaccepted,Apostichopus parvimensis,"H.L. Clark, 1913",,,,Parastichopus parvimensis,warty sea cucumber,yellow3,Parastichopus parvimensis,Parastichopus parvimensis,,
11008,Animalia,Echinodermata,Echinozoa ,Holothuroidea,Dendrochirotida,Sclerodactylidae,Pachythyone ,Pachythyone rubra,Accepted,Pachythyone rubra,"Clark, 1901",,,,Pachythyone rubra,aggregated red sea cucumber,,Pachythyone rubra,Pachythyone rubra,,
11009,Animalia,Echinodermata,Echinozoa ,Echinoidea ,Diadematoida,Diadematidae ,Centrostephanus,Centrostephanus coronatus,Accepted,Centrostephanus coronatus,"Verrill, 1867",,,,Centrostephanus coronatus,Coronado urchin,gray36,Centrostephanus coronatus,Centrostephanus coronatus,,
11010,Animalia,Echinodermata,Asterozoa,Ophiuroidea ,Amphilepidida,Ophiotrichidae,Ophiothrix,Ophiothrix spiculata,Accepted,Ophiothrix spiculata,"Le Conte, 1851",,,,Ophiothrix spiculata,spiny brittle star,,Ophiothrix spiculata,Ophiothrix spiculata,,
11011,Animalia,Echinodermata,Asterozoa,Asteroidea,Forcipulatida ,Asteriidae,Pisaster,Pisaster ochraceus,Accepted,Pisaster ochraceus,"Brandt, 1835",,,,Pisaster ochraceus,ochre sea star,,Pisaster ochraceus,Pisaster ochraceus,,
11012,Animalia,Echinodermata,Echinozoa,Echinoidea,Arbacioida ,Arbaciidae,Arbacia,Arbacia stellata,Accepted,Arbacia stellata,"Blainville, 1825; ?Gmelin, 1791",,,,Arbacia stellata,black starry sea urchin,,Arbacia stellata,Arbacia stellata,,
12001,Animalia,Chordata,Tunicata,NA,NA,NA,NA,Tunicata,Accepted,Tunicata,"Lamarck, 1816",,,,Tunicata,tunicates,,Tunicata,Tunicates,,
12002,Animalia,Chordata,Tunicata,Ascidiacea,Stolidobranchia ,Styelidae,Styela,Styela montereyensis,Accepted,Styela montereyensis,"Dall, 1872",,,,Styela montereyensis,stalked tunicate,deeppink4,Styela montereyensis,Styela montereyensis,,
13001,Animalia,NA,NA,NA,NA,NA,NA,Miscellaneous Invertebrates including Ophiothrix spiculata,Accepted,Miscellaneous Invertebrates including Ophiothrix spiculata,NA,,,,Miscellaneous Invertebrates including Ophiothrix spiculata,Miscellaneous Invertebrates including Ophiothrix spiculata,,Miscellaneous Invertebrates including Ophiothrix spiculata,Miscellaneous Invertebrates including Ophiothrix spiculata,,
13002,Animalia,NA,NA,NA,NA,NA,NA,Miscellaneous Invertebrates excluding Ophiothrix spiculata,Accepted,Miscellaneous Invertebrates excluding Ophiothrix spiculata,NA,,,,Miscellaneous Invertebrates excluding Ophiothrix spiculata,Miscellaneous Invertebrates excluding Ophiothrix spiculata,,Miscellaneous Invertebrates excluding Ophiothrix spiculata,Miscellaneous Invertebrates w/o Ophiothrix spiculata,,
14001,Animalia,Chordata,Vertebrata,Actinopterygii ,Perciformes ,Pomacentridae,Chromis ,Chromis punctipinnis,Accepted,Chromis punctipinnis,"Cooper, 1863",,,,Chromis punctipinnis,"blacksmith, adult",,"Chromis punctipinnis, adult","blacksmith, adult",Adult,
14002,Animalia,Chordata,Vertebrata,Actinopterygii ,Perciformes ,Pomacentridae,Chromis ,Chromis punctipinnis,Accepted,Chromis punctipinnis,"Cooper, 1863",,,,Chromis punctipinnis,"blacksmith, juvenile",,"Chromis punctipinnis, juvenile","blacksmith, juvenile",Juvenile,
14003,Animalia,Chordata,Vertebrata,Actinopterygii ,Perciformes ,Labridae ,Oxyjulis ,Oxyjulis californica,Accepted,Oxyjulis californica,"Günther, 1861",,,,Oxyjulis californica,"senorita, adult",,"Oxyjulis californica, adult","señorita, adult",Adult,
14004,Animalia,Chordata,Vertebrata,Actinopterygii ,Perciformes ,Labridae ,Oxyjulis ,Oxyjulis californica,Accepted,Oxyjulis californica,"Günther, 1861",,,,Oxyjulis californica,"senorita, juvenile",,"Oxyjulis californica, juvenile","señorita, juvenile",Juvenile,
14005,Animalia,Chordata,Vertebrata,Actinopterygii ,Scorpaeniformes,Sebastidae ,Sebastes,Sebastes mystinus,Accepted,Sebastes mystinus,"Jordan & Gilbert, 1881",,,,Sebastes mystinus,"blue rockfish, adult",,"Sebastes mystinus, adult","blue rockfish, adult",Adult,
14006,Animalia,Chordata,Vertebrata,Actinopterygii ,Scorpaeniformes,Sebastidae ,Sebastes,Sebastes mystinus,Accepted,Sebastes mystinus,"Jordan & Gilbert, 1881",,,,Sebastes mystinus,"blue rockfish, juvenile",,"Sebastes mystinus, juvenile","blue rockfish, juvenile",Juvenile,
14007,Animalia,Chordata,Vertebrata,Actinopterygii ,Scorpaeniformes,Sebastidae ,Sebastes,Sebastes serranoides,Accepted,Sebastes serranoides,"Eigenmann & Eigenmann, 1890",,,,Sebastes serranoides,"olive rockfish, adult",,"Sebastes serranoides, adult","olive rockfish, adult",Adult,
14008,Animalia,Chordata,Vertebrata,Actinopterygii ,Scorpaeniformes,Sebastidae ,Sebastes,Sebastes serranoides,Accepted,Sebastes serranoides,"Eigenmann & Eigenmann, 1890",,,,Sebastes serranoides,"olive rockfish, juvenile",,"Sebastes serranoides, juvenile","olive rockfish, juvenile",Juvenile,
14009,Animalia,Chordata,Vertebrata,Actinopterygii ,Scorpaeniformes,Sebastidae ,Sebastes,Sebastes atrovirens,Accepted,Sebastes atrovirens,"Jordan & Gilbert, 1880",,,,Sebastes atrovirens,"kelp rockfish, adult",,"Sebastes atrovirens, adult","kelp rockfish, adult",Adult,
14010,Animalia,Chordata,Vertebrata,Actinopterygii ,Scorpaeniformes,Sebastidae ,Sebastes,Sebastes atrovirens,Accepted,Sebastes atrovirens,"Jordan & Gilbert, 1880",,,,Sebastes atrovirens,"kelp rockfish, juvenile",,"Sebastes atrovirens, juvenile","kelp rockfish, juvenile",Juvenile,
14011,Animalia,Chordata,Vertebrata,Actinopterygii ,Perciformes ,Serranidae ,Paralabrax ,Paralabrax clathratus,Accepted,Paralabrax clathratus,"Girard, 1854",,,,Paralabrax clathratus,"kelp bass, adult",,"Paralabrax clathratus, adult","kelp bass, adult",Adult,
14012,Animalia,Chordata,Vertebrata,Actinopterygii ,Perciformes ,Serranidae ,Paralabrax ,Paralabrax clathratus,Accepted,Paralabrax clathratus,"Girard, 1854",,,,Paralabrax clathratus,"kelp bass, juvenile",,"Paralabrax clathratus, juvenile","kelp bass, juvenile",Juvenile,
14013,Animalia,Chordata,Vertebrata,Actinopterygii ,Perciformes ,Labridae ,Semicossyphus ,Semicossyphus pulcher,Accepted,Semicossyphus pulcher,"Ayres, 1854",,,,Semicossyphus pulcher,"California sheephead, male",,"Semicossyphus pulcher, male","California sheephead, male",Adult,Male
14014,Animalia,Chordata,Vertebrata,Actinopterygii ,Perciformes ,Labridae ,Semicossyphus ,Semicossyphus pulcher,Accepted,Semicossyphus pulcher,"Ayres, 1854",,,,Semicossyphus pulcher,"California sheephead, female",,"Semicossyphus pulcher, female","California sheephead, female",Adult,Female
14014.5,Animalia,Chordata,Vertebrata,Actinopterygii ,Perciformes ,Labridae ,Semicossyphus ,Semicossyphus pulcher,Accepted,Semicossyphus pulcher,"Ayres, 1854",,,,Semicossyphus pulcher,"California sheephead, juvenile",,"Semicossyphus pulcher, juvenile","California sheephead, juvenile",Juvenile,
14015,Animalia,Chordata,Vertebrata,Actinopterygii ,Perciformes,Embiotocidae ,Embiotoca ,Embiotoca jacksoni,Accepted,Embiotoca jacksoni,"Agassiz, 1853",,,,Embiotoca jacksoni,"black surfperch, adult",,"Embiotoca jacksoni, adult","black surfperch, adult",Adult,
14016,Animalia,Chordata,Vertebrata,Actinopterygii ,Perciformes,Embiotocidae ,Embiotoca ,Embiotoca jacksoni,Accepted,Embiotoca jacksoni,"Agassiz, 1853",,,,Embiotoca jacksoni,"black surfperch, juvenile",,"Embiotoca jacksoni, juvenile","black surfperch, juvenile",Juvenile,
14017,Animalia,Chordata,Vertebrata,Actinopterygii ,Perciformes,Embiotocidae ,Embiotoca ,Embiotoca lateralis,Accepted,Embiotoca lateralis,"Agassiz, 1854",,,,Embiotoca lateralis,"striped surfperch, adult",,"Embiotoca lateralis, adult","striped surfperch, adult",Adult,
14018,Animalia,Chordata,Vertebrata,Actinopterygii ,Perciformes,Embiotocidae ,Embiotoca ,Embiotoca lateralis,Accepted,Embiotoca lateralis,"Agassiz, 1854",,,,Embiotoca lateralis,"striped surfperch, juvenile",,"Embiotoca lateralis, juvenile","striped surfperch, juvenile",Juvenile,
14019,Animalia,Chordata,Vertebrata,Actinopterygii ,Perciformes,Embiotocidae ,Rhacochilus ,Rhacochilus vacca,Accepted,Rhacochilus vacca,"Girard, 1855",,,,Rhacochilus vacca,"pile perch, adult",,"Rhacochilus vacca, adult","pile perch, adult",Adult,
14020,Animalia,Chordata,Vertebrata,Actinopterygii ,Perciformes,Embiotocidae ,Rhacochilus ,Rhacochilus vacca,Accepted,Rhacochilus vacca,"Girard, 1855",,,,Rhacochilus vacca,"pile perch, juvenile",,"Rhacochilus vacca, juvenile","pile perch, juvenile",Juvenile,
14021,Animalia,Chordata,Vertebrata,Actinopterygii ,Perciformes,Pomacentridae,Hypsypops ,Hypsypops rubicundus,Accepted,Hypsypops rubicundus,"Girard, 1854",,,,Hypsypops rubicundus,"garibaldi, adult",,"Hypsypops rubicundus, adult","garibaldi, adult",Adult,
14021.5,Animalia,Chordata,Vertebrata,Actinopterygii ,Perciformes,Pomacentridae,Hypsypops ,Hypsypops rubicundus,Accepted,Hypsypops rubicundus,"Girard, 1854",,,,Hypsypops rubicundus,"garibaldi, subadult",,"Hypsypops rubicundus, subadult","garibaldi, subadult",Subadult,
14022,Animalia,Chordata,Vertebrata,Actinopterygii ,Perciformes,Pomacentridae,Hypsypops ,Hypsypops rubicundus,Accepted,Hypsypops rubicundus,"Girard, 1854",,,,Hypsypops rubicundus,"garibaldi, juvenile",,"Hypsypops rubicundus, juvenile","garibaldi, juvenile",Juvenile,
14023,Animalia,Chordata,Vertebrata,Actinopterygii ,Perciformes,Kyphosidae ,Girella ,Girella nigricans,Accepted,Girella nigricans,"Ayres, 1860",,,,Girella nigricans,"opaleye, adult",,"Girella nigricans, adult","opaleye, adult",Adult,
14024,Animalia,Chordata,Vertebrata,Actinopterygii ,Perciformes,Kyphosidae ,Girella ,Girella nigricans,Accepted,Girella nigricans,"Ayres, 1860",,,,Girella nigricans,"opaleye, juvenile",,"Girella nigricans, juvenile","opaleye, juvenile",Juvenile,
14025,Animalia,Chordata,Vertebrata,Actinopterygii ,Perciformes,Gobiidae ,Lythrypnus ,Lythrypnus dalli,Accepted,Lythrypnus dalli,"Gilbert, 1890",,,,Lythrypnus dalli,blue-banded goby,blue3,Lythrypnus dalli,blue-banded goby,,
14026,Animalia,Chordata,Vertebrata,Actinopterygii ,Perciformes,Gobiidae ,Coryphopterus,Coryphopterus nicholsi,Unaccepted,Rhinogobiops nicholsii,"Bean, 1882",,,,Coryphopterus nicholsi,blackeye goby,black,Coryphopterus nicholsi,blackeye goby,,
14027,Animalia,Chordata,Vertebrata,Actinopterygii ,Perciformes,Labrisomidae ,Alloclinus ,Alloclinus holderi,Accepted,Alloclinus holderi,"Lauderbach, 1907",,,,Alloclinus holderi,island kelpfish,coral3,Alloclinus holderi,island kelpfish,,
14028,Animalia,Chordata,Vertebrata,Actinopterygii ,Perciformes,Labridae,Halichoeres,Halichoeres semicinctus,Accepted,Halichoeres semicinctus,"Ayres, 1859",,,,Halichoeres semicinctus,"rock wrasse, male",,"Halichoeres semicinctus, male","rock wrasse, male",Adult,Male
14029,Animalia,Chordata,Vertebrata,Actinopterygii ,Perciformes,Labridae,Halichoeres,Halichoeres semicinctus,Accepted,Halichoeres semicinctus,"Ayres, 1859",,,,Halichoeres semicinctus,"rock wrasse, female",,"Halichoeres semicinctus, female","rock wrasse, female",Adult,Female
14030,Animalia,Chordata,Vertebrata,Actinopterygii ,Scorpaeniformes,Hexagrammidae,Oxylebius ,Oxylebius pictus,Accepted,Oxylebius pictus,"Gill, 1862",,,,Oxylebius pictus,painted greenling,,Oxylebius pictus,painted greenling,,
15001,NA,NA,,NA,NA,NA,NA,Bare Substrate,,NA,NA,,,,Bare Substrate,Bare Substrate,,Bare Substrate,Bare,,
15002,NA,NA,,NA,NA,NA,NA,Rock,,NA,NA,,,,Rock,Rock,,Rock,Rock,,
15003,NA,NA,,NA,NA,NA,NA,Cobble,,NA,NA,,,,Cobble,Cobble,,Cobble,Cobble,,
15004,NA,NA,,NA,NA,NA,NA,Sand,,NA,NA,,,,Sand,Sand,,Sand,Sand,,
